{
  "deg_per_yaw": 0.05528255528255528,
  "yaw_sign": 1,
  "mm_per_wheel_tick": 0.1985440105890139,
  "wd_sign": 1,
  "timestamp": "2026-06-13T18:40:04"
}